location,city,district,neighborhood,rooms,living_room,area,age,floor,price
balikesir-bandirma-yeni-kiralik,balikesir,bandirma,yeni,2,0,65,0,2,18000
istanbul-beykoz-incirkoy-kiralik,istanbul,beykoz,incirkoy,2,1,130,18,1,32000
samsun-terme-fenk-kiralik,samsun,terme,fenk,3,1,160,20,1,20000
istanbul-beylikduzu-cumhuriyet-kiralik,istanbul,beylikduzu,cumhuriyet,1,1,80,0,8,29990
ankara-yenimahalle-varlik-kiralik,ankara,yenimahalle,varlik,3,1,150,7,2,50000
ankara-cankaya-sehit-cevdet-ozdemir-kiralik,ankara,cankaya,sehit_cevdet_ozdemir,1,1,55,0,0,23000
ankara-cankaya-buyukesat-kiralik,ankara,cankaya,buyukesat,3,1,135,32,10,40000
istanbul-beyoglu-cihangir-kiralik,istanbul,beyoglu,cihangir,6,1,200,6,1,140000
izmir-torbali-pancar-kiralik,izmir,torbali,pancar,3,1,123,0,3,25000
izmir-gaziemir-emrez-kiralik,izmir,gaziemir,emrez,3,1,118,20,1,20000
istanbul-beylikduzu-adnan-kahveci-kiralik,istanbul,beylikduzu,adnan_kahveci,2,1,105,6,1,29000
istanbul-beylikduzu-kavakli-kiralik,istanbul,beylikduzu,kavakli,2,1,100,4,1,29000
istanbul-sariyer-kirecburnu-kiralik,istanbul,sariyer,kirecburnu,3,1,165,22,3,82000
ankara-cankaya-prof-dr-ahmet-taner-kislali-kiralik,ankara,cankaya,prof_dr_ahmet_taner_kislali,3,1,125,30,5,42500
manisa-akhisar-efendi-kiralik,manisa,akhisar,efendi,2,1,105,27,1,14950
manisa-akhisar-cumhuriyet-kiralik,manisa,akhisar,cumhuriyet,3,1,135,3,1,15500
manisa-akhisar-ataturk-kiralik,manisa,akhisar,ataturk,3,1,128,27,3,13250
izmir-buca-kurucesme-kiralik,izmir,buca,kurucesme,1,1,65,3,2,15000
izmir-buca-yaylacik-kiralik,izmir,buca,yaylacik,1,1,60,2,2,15000
istanbul-kadikoy-caddebostan-kiralik,istanbul,kadikoy,caddebostan,3,1,106,0,1,105000
ankara-kecioren-kuscagiz-kiralik,ankara,kecioren,kuscagiz,3,1,125,20,2,22000
istanbul-beylikduzu-sahil-kiralik,istanbul,beylikduzu,sahil,3,1,160,0,2,45000
istanbul-sisli-tesvikiye-kiralik,istanbul,sisli,tesvikiye,5,1,240,40,4,145000
kayseri-kocasinan-fevzi-cakmak-kiralik,kayseri,kocasinan,fevzi_cakmak,3,1,150,16,4,15000
ankara-cankaya-kazim-ozalp-kiralik,ankara,cankaya,kazim_ozalp,1,1,60,35,5,35000
ankara-kecioren-asagi-eglence-kiralik,ankara,kecioren,asagi_eglence,2,1,100,30,1,22500
ankara-cankaya-sehit-cevdet-ozdemir-kiralik,ankara,cankaya,sehit_cevdet_ozdemir,3,1,110,20,3,32000
istanbul-kagithane-ortabayir-kiralik,istanbul,kagithane,ortabayir,1,1,70,4,1,27250
izmir-konak-altintas-kiralik,izmir,konak,altintas,2,1,95,30,5,18000
ankara-polatli-cumhuriyet-kiralik,ankara,polatli,cumhuriyet,2,1,100,25,4,10500
aydin-soke-celtikci-kiralik,aydin,soke,celtikci,2,1,120,0,1,23000
samsun-ilkadim-kilicdede-kiralik,samsun,ilkadim,kilicdede,2,1,95,35,1,12000
istanbul-sisli-mecidiyekoy-kiralik,istanbul,sisli,mecidiyekoy,2,1,90,30,4,33000
kocaeli-izmit-karadenizliler-kiralik,kocaeli,izmit,karadenizliler,3,1,140,3,0,24000
istanbul-uskudar-zeynep-kamil-kiralik,istanbul,uskudar,zeynep_kamil,3,1,135,40,5,32000
samsun-atakum-korfez-kiralik,samsun,atakum,korfez,2,0,64,1,1,11000
karabuk-safranbolu-emek-kiralik,karabuk,safranbolu,emek,3,1,150,8,3,35000
ankara-cankaya-emek-kiralik,ankara,cankaya,emek,1,1,50,4,1,44500
ankara-cankaya-100-yil-kiralik,ankara,cankaya,100_yil,3,1,150,4,5,47500
adana-saricam-carkipare-kiralik,adana,saricam,carkipare,1,1,60,3,2,17000
ankara-cankaya-yukari-bahcelievler-kiralik,ankara,cankaya,yukari_bahcelievler,4,1,160,3,4,58000
mugla-bodrum-gundogan-kiralik,mugla,bodrum,gundogan,3,1,220,15,0,220000
ankara-yenimahalle-demetevler-kiralik,ankara,yenimahalle,demetevler,2,1,90,10,3,35000
ankara-cankaya-nasuh-akar-kiralik,ankara,cankaya,nasuh_akar,3,1,120,45,2,27500
ankara-cankaya-emek-kiralik,ankara,cankaya,emek,3,1,100,35,1,35000
ankara-cankaya-aydinlar-kiralik,ankara,cankaya,aydinlar,2,1,110,30,-1,37000
istanbul-besiktas-visnezade-kiralik,istanbul,besiktas,visnezade,3,1,155,45,1,65000
istanbul-kagithane-caglayan-kiralik,istanbul,kagithane,caglayan,2,1,80,11,-1,26000
adana-cukurova-guzelyali-kiralik,adana,cukurova,guzelyali,3,1,210,23,4,360000
istanbul-sisli-bozkurt-kiralik,istanbul,sisli,bozkurt,1,10,60,8,4,40000
erzurum-yakutiye-lalapasa-kiralik,erzurum,yakutiye,lalapasa,2,1,85,5,3,16000
erzurum-yakutiye-lalapasa-kiralik,erzurum,yakutiye,lalapasa,1,1,60,7,0,9000
erzurum-yakutiye-lalapasa-kiralik,erzurum,yakutiye,lalapasa,2,1,70,7,7,12000
ankara-cankaya-kucukesat-kiralik,ankara,cankaya,kucukesat,3,1,100,50,2,30000
konya-selcuklu-kosova-kiralik,konya,selcuklu,kosova,2,1,100,8,3,19000
yozgat-merkez-erdogan-akdag-kiralik,yozgat,merkez,erdogan_akdag,1,1,50,5,2,12000
yozgat-merkez-seyh-osman-kiralik,yozgat,merkez,seyh_osman,3,1,140,28,10,15000
tekirdag-suleymanpasa-altinova-kiralik,tekirdag,suleymanpasa,altinova,3,1,125,0,1,25000
tekirdag-suleymanpasa-altinova-kiralik,tekirdag,suleymanpasa,altinova,2,1,100,0,2,20000
nevsehir-merkez-2000-evler-kiralik,nevsehir,merkez,2000_evler,1,1,55,3,3,12000
istanbul-maltepe-cinar-kiralik,istanbul,maltepe,cinar,3,3,200,9,4,95000
ankara-golbasi-incek-kiralik,ankara,golbasi,incek,1,1,55,0,1,23000
ankara-golbasi-incek-kiralik,ankara,golbasi,incek,1,1,55,0,3,16000
istanbul-besiktas-sinanpasa-kiralik,istanbul,besiktas,sinanpasa,1,1,90,31,1,80000
istanbul-bahcelievler-siyavuspasa-kiralik,istanbul,bahcelievler,siyavuspasa,3,1,140,38,4,45000
ankara-kecioren-kuscagiz-kiralik,ankara,kecioren,kuscagiz,4,1,230,8,1,32000
ankara-cankaya-yukari-bahcelievler-kiralik,ankara,cankaya,yukari_bahcelievler,3,1,120,50,1,40000
istanbul-uskudar-kisikli-kiralik,istanbul,uskudar,kisikli,3,1,120,20,0,10000
istanbul-umraniye-ihlamurkuyu-kiralik,istanbul,umraniye,ihlamurkuyu,5,1,198,3,3,8000
istanbul-uskudar-bulgurlu-kiralik,istanbul,uskudar,bulgurlu,3,1,160,20,3,12500
ankara-cankaya-guzeltepe-kiralik,ankara,cankaya,guzeltepe,4,1,450,20,3,95000
antalya-alanya-avsallar-kiralik,antalya,alanya,avsallar,1,1,58,1,1,13000
ankara-sincan-istasyon-kiralik,ankara,sincan,istasyon,3,1,115,25,4,21500
bursa-nilufer-konak-kiralik,bursa,nilufer,konak,3,1,160,10,2,30000
ankara-etimesgut-sehit-osman-avci-kiralik,ankara,etimesgut,sehit_osman_avci,2,1,85,26,1,32000
antalya-finike-karsiyaka-kiralik,antalya,finike,karsiyaka,3,1,140,20,1,20000
ankara-kecioren-yayla-kiralik,ankara,kecioren,yayla,3,1,125,7,3,30000
istanbul-besiktas-levazim-kiralik,istanbul,besiktas,levazim,2,1,180,8,6,475000
ankara-cankaya-aziziye-kiralik,ankara,cankaya,aziziye,2,1,100,22,0,32500
ankara-etimesgut-alsancak-kiralik,ankara,etimesgut,alsancak,1,1,70,15,1,19000
istanbul-sisli-mecidiyekoy-kiralik,istanbul,sisli,mecidiyekoy,1,1,55,5,1,25000
antalya-alanya-mahmutlar-kiralik,antalya,alanya,mahmutlar,1,1,50,0,7,3100000
ankara-cankaya-emek-kiralik,ankara,cankaya,emek,3,1,140,5,2,55000
ankara-cankaya-maltepe-kiralik,ankara,cankaya,maltepe,2,1,55,0,1,50000
ankara-cankaya-maltepe-kiralik,ankara,cankaya,maltepe,1,1,50,0,2,40000
ankara-cankaya-maltepe-kiralik,ankara,cankaya,maltepe,1,1,50,0,1,38000
ankara-golbasi-hacilar-kiralik,ankara,golbasi,hacilar,2,1,130,10,3,43500
ankara-golbasi-incek-kiralik,ankara,golbasi,incek,1,1,45,3,1,28000
ankara-cankaya-sokullu-mehmet-pasa-kiralik,ankara,cankaya,sokullu_mehmet_pasa,3,1,110,31,3,23000
ankara-cankaya-bahcelievler-kiralik,ankara,cankaya,bahcelievler,2,1,105,35,1,33000
ankara-golbasi-incek-kiralik,ankara,golbasi,incek,2,1,80,0,1,25000
gaziantep-sahinbey-binevler-kiralik,gaziantep,sahinbey,binevler,1,1,60,5,2,13000
istanbul-atasehir-kayisdagi-kiralik,istanbul,atasehir,kayisdagi,2,1,85,10,0,25000
hatay-payas-yildirim-beyazit-kiralik,hatay,payas,yildirim_beyazit,2,1,100,15,3,19000
mugla-bodrum-dirmil-kiralik,mugla,bodrum,dirmil,1,1,90,25,5,65000
istanbul-kagithane-sultan-selim-kiralik,istanbul,kagithane,sultan_selim,3,2,125,12,3,40000
istanbul-kagithane-sultan-selim-kiralik,istanbul,kagithane,sultan_selim,2,1,100,29,1,35000
istanbul-kagithane-sultan-selim-kiralik,istanbul,kagithane,sultan_selim,2,1,75,29,1,20000
istanbul-kagithane-sultan-selim-kiralik,istanbul,kagithane,sultan_selim,2,1,85,29,0,20000
istanbul-kagithane-sultan-selim-kiralik,istanbul,kagithane,sultan_selim,1,1,70,29,2,18000
ankara-cankaya-oran-kiralik,ankara,cankaya,oran,4,1,165,14,17,100000
istanbul-sisli-19-mayis-kiralik,istanbul,sisli,19_mayis,3,1,100,25,1,25000
ankara-etimesgut-seyh-samil-kiralik,ankara,etimesgut,seyh_samil,3,1,105,30,3,26500
istanbul-uskudar-murat-reis-kiralik,istanbul,uskudar,murat_reis,2,1,80,40,5,20000
istanbul-uskudar-zeynep-kamil-kiralik,istanbul,uskudar,zeynep_kamil,2,1,85,40,3,25000
osmaniye-merkez-rahime-hatun-kiralik,osmaniye,merkez,rahime_hatun,4,10,200,11,5,24000
izmir-karsiyaka-aksoy-kiralik,izmir,karsiyaka,aksoy,3,1,110,36,4,32000
izmir-cigli-atasehir-kiralik,izmir,cigli,atasehir,2,1,65,14,0,21500
gaziantep-sehitkamil-seyrantepe-kiralik,gaziantep,sehitkamil,seyrantepe,2,1,135,1,9,26000
ankara-polatli-sentepe-kiralik,ankara,polatli,sentepe,3,1,140,15,5,15000
ankara-polatli-gazi-kiralik,ankara,polatli,gazi,3,1,130,15,4,19000
ankara-polatli-yeni-kiralik,ankara,polatli,yeni,3,1,135,15,4,19000
ankara-yenimahalle-demetevler-kiralik,ankara,yenimahalle,demetevler,3,1,115,35,3,23000
istanbul-besiktas-arnavutkoy-kiralik,istanbul,besiktas,arnavutkoy,2,1,160,37,1,250000
ankara-cankaya-emek-kiralik,ankara,cankaya,emek,3,1,110,20,1,30000
mersin-mezitli-eski-mezitli-kiralik,mersin,mezitli,eski_mezitli,3,1,195,0,2,50000
istanbul-beyoglu-gumussuyu-kiralik,istanbul,beyoglu,gumussuyu,1,1,75,50,1,30000
antalya-kumluca-eskicami-kiralik,antalya,kumluca,eskicami,2,1,104,1,4,19000
istanbul-uskudar-zeynep-kamil-kiralik,istanbul,uskudar,zeynep_kamil,2,1,85,40,5,29000
istanbul-beylikduzu-kavakli-kiralik,istanbul,beylikduzu,kavakli,5,2,220,5,4,37500
ankara-cankaya-yildizevler-kiralik,ankara,cankaya,yildizevler,2,1,110,8,3,70000
ankara-cankaya-yildizevler-kiralik,ankara,cankaya,yildizevler,4,1,240,15,3,80000
ankara-cankaya-kizilirmak-kiralik,ankara,cankaya,kizilirmak,4,1,220,15,3,65000
istanbul-sariyer-yenikoy-kiralik,istanbul,sariyer,yenikoy,2,1,100,25,0,65000
ankara-kecioren-kalaba-kiralik,ankara,kecioren,kalaba,1,1,80,39,1,22500
istanbul-beyoglu-cukur-kiralik,istanbul,beyoglu,cukur,1,0,35,50,2,10000
istanbul-beyoglu-kuloglu-kiralik,istanbul,beyoglu,kuloglu,1,0,45,2,2,27000
istanbul-beyoglu-gumussuyu-kiralik,istanbul,beyoglu,gumussuyu,1,0,40,50,1,15000
ankara-cankaya-yukari-bahcelievler-kiralik,ankara,cankaya,yukari_bahcelievler,2,1,90,50,2,43500
istanbul-beyoglu-gumussuyu-kiralik,istanbul,beyoglu,gumussuyu,1,1,55,25,1,45000
ankara-cankaya-beytepe-kiralik,ankara,cankaya,beytepe,2,1,110,5,13,52000
ankara-golbasi-segmenler-kiralik,ankara,golbasi,segmenler,1,1,50,0,3,23000
ankara-cankaya-sehit-cevdet-ozdemir-kiralik,ankara,cankaya,sehit_cevdet_ozdemir,4,1,195,15,1,40000
samsun-bafra-mevlana-kiralik,samsun,bafra,mevlana,3,1,130,25,4,8500
kocaeli-izmit-28-haziran-kiralik,kocaeli,izmit,28_haziran,2,1,85,10,3,20500
izmir-karsiyaka-alaybey-kiralik,izmir,karsiyaka,alaybey,2,1,80,45,3,25000
ankara-cankaya-prof-dr-ahmet-taner-kislali-kiralik,ankara,cankaya,prof_dr_ahmet_taner_kislali,2,1,85,0,2,65000
istanbul-besiktas-ulus-kiralik,istanbul,besiktas,ulus,4,1,240,0,0,450000
istanbul-sariyer-rumeli-hisari-kiralik,istanbul,sariyer,rumeli_hisari,1,1,100,30,2,80000
istanbul-besiktas-bebek-kiralik,istanbul,besiktas,bebek,4,1,250,31,3,250000
istanbul-besiktas-ortakoy-kiralik,istanbul,besiktas,ortakoy,3,1,190,20,3,130000
istanbul-kagithane-talatpasa-kiralik,istanbul,kagithane,talatpasa,2,1,90,0,2,36000
istanbul-beykoz-kavacik-kiralik,istanbul,beykoz,kavacik,3,1,145,16,2,50000
istanbul-bakirkoy-senlikkoy-kiralik,istanbul,bakirkoy,senlikkoy,5,2,380,7,2,350000
ankara-kecioren-senlik-kiralik,ankara,kecioren,senlik,2,0,125,30,2,16800
antalya-alanya-mahmutlar-kiralik,antalya,alanya,mahmutlar,1,1,55,1,2,12000
mugla-ortaca-cumhuriyet-kiralik,mugla,ortaca,cumhuriyet,3,1,135,5,1,25000
tekirdag-suleymanpasa-ciftlikonu-kiralik,tekirdag,suleymanpasa,ciftlikonu,1,1,85,22,4,16000
izmir-karsiyaka-fikri-altay-kiralik,izmir,karsiyaka,fikri_altay,1,1,55,0,2,22500
ankara-kecioren-etlik-kiralik,ankara,kecioren,etlik,3,1,135,18,1,23000
aydin-efeler-guzelhisar-kiralik,aydin,efeler,guzelhisar,3,1,125,32,7,22000
samsun-atakum-korfez-kiralik,samsun,atakum,korfez,1,1,48,2,-3,14500
aydin-kusadasi-kadinlar-denizi-kiralik,aydin,kusadasi,kadinlar_denizi,2,1,95,16,2,30000
kayseri-talas-yenidogan-kiralik,kayseri,talas,yenidogan,3,1,179,13,11,25000
izmir-buca-dicle-kiralik,izmir,buca,dicle,2,1,100,20,1,20000
ankara-pursaklar-saray-cumhuriyet-kiralik,ankara,pursaklar,saray_cumhuriyet,4,1,210,0,4,35000
samsun-atakum-korfez-kiralik,samsun,atakum,korfez,1,1,65,4,5,14700
izmir-bornova-gurpinar-kiralik,izmir,bornova,gurpinar,3,1,140,10,2,30000
istanbul-bakirkoy-senlikkoy-kiralik,istanbul,bakirkoy,senlikkoy,5,2,500,18,4,275000
aydin-kusadasi-turkmen-kiralik,aydin,kusadasi,turkmen,2,1,100,26,2,30000
edirne-merkez-babademirtas-kiralik,edirne,merkez,babademirtas,4,1,200,30,2,25000
izmir-karabaglar-sevgi-kiralik,izmir,karabaglar,sevgi,3,10,115,25,2,25000
yalova-cinarcik-tasliman-kiralik,yalova,cinarcik,tasliman,2,1,85,28,4,17000
istanbul-kagithane-caglayan-kiralik,istanbul,kagithane,caglayan,3,1,130,2,2,35000
antalya-muratpasa-fener-kiralik,antalya,muratpasa,fener,2,1,70,17,1,26000
karaman-merkez-osmangazi-kiralik,karaman,merkez,osmangazi,2,1,75,7,3,13500
adana-saricam-gultepe-kiralik,adana,saricam,gultepe,1,1,55,0,8,13000
ankara-cankaya-mursel-uluc-kiralik,ankara,cankaya,mursel_uluc,1,1,45,0,1,30000
izmir-cigli-ahmet-efendi-kiralik,izmir,cigli,ahmet_efendi,1,0,46,2,3,17500
istanbul-kagithane-seyrantepe-kiralik,istanbul,kagithane,seyrantepe,2,1,80,17,2,35000
tekirdag-suleymanpasa-ataturk-kiralik,tekirdag,suleymanpasa,ataturk,2,1,120,1,1,25000
izmir-karsiyaka-demirkopru-kiralik,izmir,karsiyaka,demirkopru,2,1,100,9,5,34000
antalya-muratpasa-sirinyali-kiralik,antalya,muratpasa,sirinyali,3,1,150,24,3,36000
antalya-manavgat-selale-kiralik,antalya,manavgat,selale,2,1,120,16,5,20000
mugla-milas-meselik-kiralik,mugla,milas,meselik,2,1,75,0,5,25000
istanbul-bakirkoy-senlikkoy-kiralik,istanbul,bakirkoy,senlikkoy,5,1,250,30,0,125000
ordu-altinordu-cumhuriyet-kiralik,ordu,altinordu,cumhuriyet,2,1,75,0,2,14500
izmir-aliaga-siteler-kiralik,izmir,aliaga,siteler,1,1,60,9,1,23500
izmir-karabaglar-basin-sitesi-kiralik,izmir,karabaglar,basin_sitesi,3,1,130,45,3,20000
tekirdag-suleymanpasa-100-yil-kiralik,tekirdag,suleymanpasa,100_yil,3,1,130,28,3,25000
aydin-didim-camlik-kiralik,aydin,didim,camlik,2,1,90,0,3,7000
izmir-buca-firat-kiralik,izmir,buca,firat,2,1,80,0,3,23000
ankara-cankaya-emek-kiralik,ankara,cankaya,emek,1,0,30,15,3,25000
istanbul-kagithane-caglayan-kiralik,istanbul,kagithane,caglayan,2,1,80,5,2,26000
tekirdag-suleymanpasa-namik-kemal-kiralik,tekirdag,suleymanpasa,namik_kemal,1,1,75,0,3,25000
istanbul-sisli-eskisehir-kiralik,istanbul,sisli,eskisehir,2,1,75,30,3,19000
edirne-merkez-medrese-ali-bey-kiralik,edirne,merkez,medrese_ali_bey,2,1,110,20,3,15000
antalya-muratpasa-yesilbahce-kiralik,antalya,muratpasa,yesilbahce,3,1,175,28,1,42000
izmir-karsiyaka-demirkopru-kiralik,izmir,karsiyaka,demirkopru,1,1,60,2,1,26000
balikesir-bandirma-ihsaniye-kiralik,balikesir,bandirma,ihsaniye,1,1,80,3,3,17000
tekirdag-suleymanpasa-aydogdu-kiralik,tekirdag,suleymanpasa,aydogdu,2,1,110,25,4,14000
istanbul-kagithane-celiktepe-kiralik,istanbul,kagithane,celiktepe,1,1,55,0,-1,23000
istanbul-beyoglu-kamer-hatun-kiralik,istanbul,beyoglu,kamer_hatun,3,1,120,110,2,40000
antalya-manavgat-asagi-pazarci-kiralik,antalya,manavgat,asagi_pazarci,3,1,140,21,3,23000
antalya-alanya-kestel-kiralik,antalya,alanya,kestel,2,1,150,25,3,12000
edirne-merkez-abdurrahman-kiralik,edirne,merkez,abdurrahman,1,1,55,5,4,15000
tekirdag-suleymanpasa-ortacami-kiralik,tekirdag,suleymanpasa,ortacami,2,1,110,25,3,15000
sinop-merkez-yeni-kiralik,sinop,merkez,yeni,2,1,100,5,2,3000
izmir-bornova-inonu-kiralik,izmir,bornova,inonu,3,1,130,12,1,27000
istanbul-bakirkoy-senlikkoy-kiralik,istanbul,bakirkoy,senlikkoy,2,1,110,18,3,50000
antalya-muratpasa-genclik-kiralik,antalya,muratpasa,genclik,4,1,190,26,1,50000
istanbul-fatih-ayvansaray-kiralik,istanbul,fatih,ayvansaray,1,0,30,20,4,20000
ankara-cankaya-emek-kiralik,ankara,cankaya,emek,2,1,85,35,1,26000
istanbul-kagithane-emniyet-evleri-kiralik,istanbul,kagithane,emniyet_evleri,2,1,110,30,4,36000
adana-cukurova-guzelyali-kiralik,adana,cukurova,guzelyali,3,1,140,25,3,260000
elazig-merkez-yeni-kiralik,elazig,merkez,yeni,3,1,160,25,5,9000
ankara-cankaya-maltepe-kiralik,ankara,cankaya,maltepe,3,1,120,35,1,35000
ankara-kecioren-asagi-eglence-kiralik,ankara,kecioren,asagi_eglence,3,1,115,40,12,35000
tekirdag-suleymanpasa-cinarli-kiralik,tekirdag,suleymanpasa,cinarli,2,1,85,28,3,15000
sinop-merkez-yeni-kiralik,sinop,merkez,yeni,1,1,65,10,1,2500
izmir-konak-akin-simav-kiralik,izmir,konak,akin_simav,3,1,150,30,1,25000
istanbul-besiktas-kultur-kiralik,istanbul,besiktas,kultur,1,1,100,35,-1,45000
yozgat-merkez-yukarinohutlu-kiralik,yozgat,merkez,yukarinohutlu,3,1,120,25,2,10000
kayseri-melikgazi-selimiye-kiralik,kayseri,melikgazi,selimiye,3,1,155,25,5,13500
ankara-etimesgut-goksu-kiralik,ankara,etimesgut,goksu,2,1,170,4,12,55000
adana-saricam-elif-su-uludag-kiralik,adana,saricam,elif_su_uludag,2,1,80,1,8,14000
istanbul-pendik-esenler-kiralik,istanbul,pendik,esenler,3,1,110,13,4,25000
ankara-altindag-aydinlikevler-kiralik,ankara,altindag,aydinlikevler,3,1,125,24,1,33000
hatay-iskenderun-pirireis-kiralik,hatay,iskenderun,pirireis,4,1,165,20,3,18000
mersin-erdemli-alata-kiralik,mersin,erdemli,alata,1,1,65,5,1,2500
adana-saricam-gultepe-kiralik,adana,saricam,gultepe,2,1,80,1,11,15000
hatay-iskenderun-cumhuriyet-kiralik,hatay,iskenderun,cumhuriyet,2,1,115,20,0,18000
ankara-cankaya-camlitepe-kiralik,ankara,cankaya,camlitepe,2,1,93,1,5,47000
hatay-antakya-akhisar-kiralik,hatay,antakya,akhisar,3,1,120,0,3,13000
istanbul-sisli-19-mayis-kiralik,istanbul,sisli,19_mayis,2,1,75,30,5,33000
istanbul-kagithane-sirintepe-kiralik,istanbul,kagithane,sirintepe,3,1,130,35,4,36500
hatay-antakya-dikmece-kiralik,hatay,antakya,dikmece,3,1,120,0,2,13000
istanbul-sisli-bozkurt-kiralik,istanbul,sisli,bozkurt,1,0,25,50,1,15000
istanbul-bagcilar-kemalpasa-kiralik,istanbul,bagcilar,kemalpasa,2,1,95,20,1,22000
istanbul-fatih-ayvansaray-kiralik,istanbul,fatih,ayvansaray,1,0,30,20,1,20000
istanbul-pendik-kavakpinar-kiralik,istanbul,pendik,kavakpinar,2,1,90,30,3,20000
mersin-erdemli-alata-kiralik,mersin,erdemli,alata,1,1,45,5,3,15000
istanbul-bagcilar-hurriyet-kiralik,istanbul,bagcilar,hurriyet,3,1,120,26,2,21000
yalova-ciftlikkoy-sahil-kiralik,yalova,ciftlikkoy,sahil,2,1,110,20,5,25000
istanbul-bagcilar-kemalpasa-kiralik,istanbul,bagcilar,kemalpasa,3,1,120,18,4,17000
adana-saricam-buruk-cumhuriyet-kiralik,adana,saricam,buruk_cumhuriyet,3,1,130,4,3,13000
hatay-antakya-dikmece-kiralik,hatay,antakya,dikmece,3,1,120,0,0,12000
samsun-atakum-korfez-kiralik,samsun,atakum,korfez,1,1,43,0,1,14500
istanbul-gungoren-abdurrahman-nafiz-gurman-kiralik,istanbul,gungoren,abdurrahman_nafiz_gurman,3,1,130,31,6,28000
mersin-erdemli-alata-kiralik,mersin,erdemli,alata,1,1,37,5,2,2500
hatay-antakya-anayazi-kiralik,hatay,antakya,anayazi,3,1,120,0,3,13000
adana-cukurova-kabasakal-kiralik,adana,cukurova,kabasakal,4,1,200,0,4,36500
ankara-etimesgut-atayurt-kiralik,ankara,etimesgut,atayurt,3,1,118,13,1,19000
ankara-etimesgut-goksu-kiralik,ankara,etimesgut,goksu,4,1,193,2,3,80000
ankara-etimesgut-baglica-kiralik,ankara,etimesgut,baglica,4,1,165,1,8,62000
ankara-golbasi-karsiyaka-kiralik,ankara,golbasi,karsiyaka,3,1,124,10,3,36000
sakarya-serdivan-yazlik-kiralik,sakarya,serdivan,yazlik,2,1,120,2,2,25000
izmir-torbali-inonu-kiralik,izmir,torbali,inonu,3,1,135,5,0,43000
istanbul-sariyer-kirecburnu-kiralik,istanbul,sariyer,kirecburnu,3,1,160,25,4,46000
istanbul-kucukcekmece-cumhuriyet-kiralik,istanbul,kucukcekmece,cumhuriyet,3,1,120,30,5,22000
ankara-etimesgut-piyade-kiralik,ankara,etimesgut,piyade,3,1,130,20,3,20000
mersin-yenisehir-ciftlikkoy-kiralik,mersin,yenisehir,ciftlikkoy,1,1,55,8,1,16500
kayseri-melikgazi-gesi-fatih-kiralik,kayseri,melikgazi,gesi_fatih,3,1,160,11,12,14500
istanbul-pendik-seyhli-kiralik,istanbul,pendik,seyhli,1,1,70,5,3,25000
ankara-golbasi-kizilcasar-kiralik,ankara,golbasi,kizilcasar,1,0,63,1,1,25735
ankara-yenimahalle-pamuklar-kiralik,ankara,yenimahalle,pamuklar,3,1,140,10,3,26950
istanbul-beykoz-ortacesme-kiralik,istanbul,beykoz,ortacesme,2,1,100,20,2,28000
yalova-cinarcik-harmanlar-kiralik,yalova,cinarcik,harmanlar,2,1,125,25,1,18000
istanbul-kartal-hurriyet-kiralik,istanbul,kartal,hurriyet,3,1,120,7,2,35000
ankara-etimesgut-baglica-kiralik,ankara,etimesgut,baglica,4,1,195,11,7,47000
istanbul-maltepe-findikli-kiralik,istanbul,maltepe,findikli,4,1,135,16,-2,26000
istanbul-kagithane-seyrantepe-kiralik,istanbul,kagithane,seyrantepe,2,1,74,10,-2,27500
samsun-ilkadim-yasardogu-kiralik,samsun,ilkadim,yasardogu,4,1,150,15,2,17500
kocaeli-izmit-yenisehir-kiralik,kocaeli,izmit,yenisehir,3,1,150,11,5,30000
ankara-cankaya-prof-dr-ahmet-taner-kislali-kiralik,ankara,cankaya,prof_dr_ahmet_taner_kislali,3,1,130,29,15,50000
aydin-nazilli-yesil-kiralik,aydin,nazilli,yesil,3,1,160,10,1,22000
istanbul-kadikoy-goztepe-kiralik,istanbul,kadikoy,goztepe,2,1,105,40,1,53000
istanbul-sancaktepe-safa-kiralik,istanbul,sancaktepe,safa,3,1,100,5,2,36500
istanbul-kagithane-celiktepe-kiralik,istanbul,kagithane,celiktepe,2,1,80,2,11,45000
ankara-cankaya-ata-kiralik,ankara,cankaya,ata,3,1,145,25,1,28000
istanbul-uskudar-cumhuriyet-kiralik,istanbul,uskudar,cumhuriyet,3,1,70,6,3,39000
ankara-altindag-aydinlikevler-kiralik,ankara,altindag,aydinlikevler,3,1,115,47,3,13750
istanbul-cekmekoy-aydinlar-kiralik,istanbul,cekmekoy,aydinlar,3,1,150,22,3,37000
mugla-fethiye-gocek-kiralik,mugla,fethiye,gocek,3,1,140,7,2,45000
ankara-cankaya-oran-kiralik,ankara,cankaya,oran,4,1,210,17,3,112000
ankara-yenimahalle-mehmet-akif-ersoy-kiralik,ankara,yenimahalle,mehmet_akif_ersoy,2,1,85,0,2,39500
istanbul-kadikoy-sahrayi-cedit-kiralik,istanbul,kadikoy,sahrayi_cedit,3,1,100,45,6,40000
manisa-yunusemre-ayni-ali-kiralik,manisa,yunusemre,ayni_ali,2,1,110,0,1,37000
istanbul-besiktas-turkali-kiralik,istanbul,besiktas,turkali,3,1,165,42,5,55000
eskisehir-odunpazari-71-evler-kiralik,eskisehir,odunpazari,71_evler,2,1,120,11,3,14000
eskisehir-tepebasi-hosnudiye-kiralik,eskisehir,tepebasi,hosnudiye,2,1,110,30,7,20000
ankara-cankaya-metin-akkus-kiralik,ankara,cankaya,metin_akkus,3,1,125,25,2,25000
ankara-kecioren-ayvali-kiralik,ankara,kecioren,ayvali,3,1,180,30,3,30000
istanbul-esenyurt-yesilkent-kiralik,istanbul,esenyurt,yesilkent,1,1,67,15,13,22000
istanbul-esenyurt-aksemseddin-kiralik,istanbul,esenyurt,aksemseddin,3,1,130,12,3,25000
ankara-cankaya-huzur-kiralik,ankara,cankaya,huzur,3,1,125,20,1,25000
istanbul-pendik-yenisehir-kiralik,istanbul,pendik,yenisehir,3,1,150,15,3,48500
ankara-cankaya-malazgirt-kiralik,ankara,cankaya,malazgirt,3,1,140,20,3,31000
ankara-cankaya-ileri-kiralik,ankara,cankaya,ileri,3,1,120,30,2,25000
istanbul-zeytinburnu-telsiz-kiralik,istanbul,zeytinburnu,telsiz,3,1,125,25,12,50000
istanbul-beylikduzu-marmara-kiralik,istanbul,beylikduzu,marmara,3,1,185,25,8,40000
isparta-merkez-halife-sultan-kiralik,isparta,merkez,halife_sultan,3,1,140,30,1,16000
kocaeli-izmit-cumhuriyet-kiralik,kocaeli,izmit,cumhuriyet,5,2,225,26,5,37500
tokat-merkez-yeniyurt-kiralik,tokat,merkez,yeniyurt,1,1,55,1,6,15000
ankara-cankaya-ilkbahar-kiralik,ankara,cankaya,ilkbahar,3,1,155,21,2,40000
istanbul-maltepe-altintepe-kiralik,istanbul,maltepe,altintepe,3,1,125,30,3,60000
istanbul-besiktas-gayrettepe-kiralik,istanbul,besiktas,gayrettepe,3,1,140,50,1,75000
izmir-buca-yildiz-kiralik,izmir,buca,yildiz,1,1,55,3,4,20000
ankara-sincan-gokcek-kiralik,ankara,sincan,gokcek,2,1,115,18,2,23000
istanbul-sariyer-ayazaga-kiralik,istanbul,sariyer,ayazaga,2,1,110,15,6,52000
sinop-merkez-kaleyazisi-kiralik,sinop,merkez,kaleyazisi,1,1,75,10,1,18500
ankara-kecioren-cicekli-kiralik,ankara,kecioren,cicekli,3,1,115,30,1,17000
ankara-cankaya-ileri-kiralik,ankara,cankaya,ileri,3,1,110,40,1,30000
mugla-fethiye-babatasi-kiralik,mugla,fethiye,babatasi,1,1,85,15,1,30000
denizli-merkezefendi-karahasanli-kiralik,denizli,merkezefendi,karahasanli,1,1,50,0,3,15500
tekirdag-suleymanpasa-cumhuriyet-kiralik,tekirdag,suleymanpasa,cumhuriyet,4,1,220,1,3,55000
ankara-mamak-balkiraz-kiralik,ankara,mamak,balkiraz,2,1,100,29,1,15000
adana-cukurova-belediye-evleri-kiralik,adana,cukurova,belediye_evleri,3,1,160,20,11,27500
istanbul-esenyurt-cumhuriyet-kiralik,istanbul,esenyurt,cumhuriyet,2,1,90,12,1,24000
istanbul-beyoglu-kilicali-pasa-kiralik,istanbul,beyoglu,kilicali_pasa,2,1,80,45,4,45000
hatay-dortyol-kislalar-kiralik,hatay,dortyol,kislalar,2,1,120,6,4,20000
istanbul-kartal-cumhuriyet-kiralik,istanbul,kartal,cumhuriyet,1,1,70,0,1,35000
eskisehir-odunpazari-kirmizitoprak-kiralik,eskisehir,odunpazari,kirmizitoprak,3,1,135,23,4,33000
ankara-cankaya-kultur-kiralik,ankara,cankaya,kultur,3,1,110,40,1,25000
ankara-cankaya-sehit-cevdet-ozdemir-kiralik,ankara,cankaya,sehit_cevdet_ozdemir,4,1,180,22,2,34000
ankara-etimesgut-oguzlar-kiralik,ankara,etimesgut,oguzlar,3,1,120,22,1,24000
mugla-fethiye-babatasi-kiralik,mugla,fethiye,babatasi,2,1,90,25,0,40000
istanbul-zeytinburnu-seyitnizam-kiralik,istanbul,zeytinburnu,seyitnizam,2,1,120,1,2,45000
istanbul-sultangazi-yunus-emre-kiralik,istanbul,sultangazi,yunus_emre,1,1,50,16,0,13000
ankara-mamak-ege-kiralik,ankara,mamak,ege,2,1,75,0,10,27500
istanbul-bagcilar-15-temmuz-kiralik,istanbul,bagcilar,15_temmuz,1,1,75,3,11,28000
ankara-mamak-karaagac-kiralik,ankara,mamak,karaagac,3,1,120,7,5,26500
bilecik-bozuyuk-yeni-kiralik,bilecik,bozuyuk,yeni,3,1,145,20,3,30000
ankara-cankaya-guzeltepe-kiralik,ankara,cankaya,guzeltepe,3,1,125,40,0,30000
ankara-mamak-general-zeki-dogan-kiralik,ankara,mamak,general_zeki_dogan,4,1,190,0,2,44999
istanbul-kadikoy-erenkoy-kiralik,istanbul,kadikoy,erenkoy,2,1,90,2,1,62500
istanbul-kucukcekmece-cennet-kiralik,istanbul,kucukcekmece,cennet,2,1,100,35,2,30000
eskisehir-tepebasi-mustafa-kemal-pasa-kiralik,eskisehir,tepebasi,mustafa_kemal_pasa,3,1,160,30,1,25000
adana-saricam-gultepe-kiralik,adana,saricam,gultepe,1,1,60,0,1,14000
istanbul-beylikduzu-kavakli-kiralik,istanbul,beylikduzu,kavakli,1,1,75,4,0,23000
istanbul-esenyurt-hurriyet-kiralik,istanbul,esenyurt,hurriyet,3,1,140,10,0,13500
izmir-bornova-kazimdirik-kiralik,izmir,bornova,kazimdirik,1,0,45,6,9,27500
ankara-yenimahalle-esentepe-kiralik,ankara,yenimahalle,esentepe,3,1,135,20,5,17500
istanbul-bahcelievler-sirinevler-kiralik,istanbul,bahcelievler,sirinevler,2,1,105,4,3,39000
ankara-cankaya-yildizevler-kiralik,ankara,cankaya,yildizevler,4,1,200,25,3,47500
istanbul-silivri-alibey-kiralik,istanbul,silivri,alibey,3,1,130,30,5,20000
istanbul-sariyer-kirecburnu-kiralik,istanbul,sariyer,kirecburnu,2,1,95,30,1,60000
ankara-cankaya-oran-kiralik,ankara,cankaya,oran,3,1,110,30,4,35000
ankara-cankaya-yildizevler-kiralik,ankara,cankaya,yildizevler,4,1,174,13,5,65000
ankara-cankaya-ata-kiralik,ankara,cankaya,ata,3,1,135,15,1,32000
bursa-nilufer-besevler-kiralik,bursa,nilufer,besevler,3,1,150,25,3,30000
izmir-buca-yenigun-kiralik,izmir,buca,yenigun,2,1,125,20,2,21000
mugla-milas-haci-ilyas-kiralik,mugla,milas,haci_ilyas,3,1,120,9,0,30000
istanbul-atasehir-ataturk-kiralik,istanbul,atasehir,ataturk,1,1,59,35,7,34000
tekirdag-suleymanpasa-altinova-kiralik,tekirdag,suleymanpasa,altinova,2,1,100,0,3,20000
istanbul-umraniye-necip-fazil-kiralik,istanbul,umraniye,necip_fazil,3,1,135,29,4,34000
antalya-muratpasa-sirinyali-kiralik,antalya,muratpasa,sirinyali,3,1,114,4,1,55000
istanbul-kadikoy-bostanci-kiralik,istanbul,kadikoy,bostanci,3,1,115,35,2,41000
antalya-alanya-kestel-kiralik,antalya,alanya,kestel,1,1,65,8,2,23500
ankara-cankaya-asagi-ovecler-kiralik,ankara,cankaya,asagi_ovecler,3,1,125,27,2,28000
izmir-bornova-kazimdirik-kiralik,izmir,bornova,kazimdirik,1,1,50,8,4,30500
istanbul-kadikoy-sahrayi-cedit-kiralik,istanbul,kadikoy,sahrayi_cedit,2,1,105,35,3,40000
samsun-atakum-alanli-kiralik,samsun,atakum,alanli,2,1,110,5,5,16500
kocaeli-darica-bayramoglu-kiralik,kocaeli,darica,bayramoglu,2,1,75,26,6,35000
ankara-kecioren-incirli-kiralik,ankara,kecioren,incirli,3,1,110,15,1,20000
istanbul-sariyer-istinye-kiralik,istanbul,sariyer,istinye,4,1,200,15,3,198000
konya-eregli-talatpasa-kiralik,konya,eregli,talatpasa,3,1,140,20,5,13000
istanbul-sisli-halide-edip-adivar-kiralik,istanbul,sisli,halide_edip_adivar,3,1,130,20,-1,30000
ankara-cankaya-emek-kiralik,ankara,cankaya,emek,3,1,145,40,5,49000
ankara-altindag-aydinlikevler-kiralik,ankara,altindag,aydinlikevler,2,1,100,45,2,26000
istanbul-kadikoy-goztepe-kiralik,istanbul,kadikoy,goztepe,3,1,140,6,11,105000
ankara-cankaya-tinaztepe-kiralik,ankara,cankaya,tinaztepe,3,1,120,37,3,28000
ankara-etimesgut-yeni-baglica-kiralik,ankara,etimesgut,yeni_baglica,2,1,97,6,4,35000
istanbul-kartal-petrolis-kiralik,istanbul,kartal,petrolis,2,1,70,0,1,30000
istanbul-uskudar-valide-i-atik-kiralik,istanbul,uskudar,valide_i_atik,2,1,85,31,4,29000
konya-karatay-ulubatlihasan-kiralik,konya,karatay,ulubatlihasan,3,1,180,19,7,21000
ankara-etimesgut-kazim-karabekir-kiralik,ankara,etimesgut,kazim_karabekir,2,1,85,25,1,17500
istanbul-sisli-yayla-kiralik,istanbul,sisli,yayla,2,1,90,4,2,40000
izmir-karabaglar-calikusu-kiralik,izmir,karabaglar,calikusu,2,0,123,34,2,15000
istanbul-bayrampasa-altintepsi-kiralik,istanbul,bayrampasa,altintepsi,2,1,85,8,-1,25000
antalya-konyaalti-hurma-kiralik,antalya,konyaalti,hurma,2,1,82,12,-2,28000
istanbul-kartal-hurriyet-kiralik,istanbul,kartal,hurriyet,3,1,115,8,1,28000
istanbul-besiktas-turkali-kiralik,istanbul,besiktas,turkali,1,1,50,7,3,50000
ankara-cankaya-emek-kiralik,ankara,cankaya,emek,3,1,160,6,3,61000
samsun-atakum-kucukkolpinar-kiralik,samsun,atakum,kucukkolpinar,1,1,45,4,3,12000
ankara-kecioren-pinarbasi-kiralik,ankara,kecioren,pinarbasi,5,1,265,25,3,33000
mersin-mezitli-akdeniz-kiralik,mersin,mezitli,akdeniz,4,1,240,7,13,450000
istanbul-sisli-cumhuriyet-kiralik,istanbul,sisli,cumhuriyet,2,1,105,31,5,60000
balikesir-altieylul-gaziosmanpasa-kiralik,balikesir,altieylul,gaziosmanpasa,3,1,174,3,11,51000
istanbul-sisli-duatepe-kiralik,istanbul,sisli,duatepe,3,1,150,22,3,50000
ankara-cankaya-mursel-uluc-kiralik,ankara,cankaya,mursel_uluc,1,1,55,0,1,30500
eskisehir-odunpazari-osmangazi-kiralik,eskisehir,odunpazari,osmangazi,2,1,160,4,8,40000
ankara-cankaya-dodurga-kiralik,ankara,cankaya,dodurga,1,1,36,1,9,19000
izmir-karabaglar-bahcelievler-kiralik,izmir,karabaglar,bahcelievler,2,1,90,45,2,23000
ankara-etimesgut-seyh-samil-kiralik,ankara,etimesgut,seyh_samil,1,1,55,25,3,14500
samsun-terme-cumhuriyet-kiralik,samsun,terme,cumhuriyet,4,1,185,1,3,25000
samsun-atakum-mimarsinan-kiralik,samsun,atakum,mimarsinan,3,1,130,10,1,25000
adana-cukurova-belediye-evleri-kiralik,adana,cukurova,belediye_evleri,3,1,185,10,12,26500
istanbul-sancaktepe-yunus-emre-kiralik,istanbul,sancaktepe,yunus_emre,3,1,150,8,3,24800
ankara-yenimahalle-kardelen-kiralik,ankara,yenimahalle,kardelen,4,1,165,10,4,45000
ankara-etimesgut-seker-kiralik,ankara,etimesgut,seker,4,1,170,12,5,52000
denizli-merkezefendi-bereketler-kiralik,denizli,merkezefendi,bereketler,3,1,180,13,3,22500
istanbul-uskudar-selami-ali-kiralik,istanbul,uskudar,selami_ali,2,1,65,1,0,34000
ankara-yenimahalle-pamuklar-kiralik,ankara,yenimahalle,pamuklar,3,1,130,17,5,20000
ankara-cankaya-yucetepe-kiralik,ankara,cankaya,yucetepe,3,1,110,40,2,36000
istanbul-sancaktepe-fatih-kiralik,istanbul,sancaktepe,fatih,2,1,88,7,3,20000
istanbul-beyoglu-purtelas-hasan-efendi-kiralik,istanbul,beyoglu,purtelas_hasan_efendi,3,1,140,9,1,115000
istanbul-besiktas-gayrettepe-kiralik,istanbul,besiktas,gayrettepe,3,1,145,40,3,56000
istanbul-sariyer-tarabya-kiralik,istanbul,sariyer,tarabya,4,1,220,32,5,90000
ankara-mamak-general-zeki-dogan-kiralik,ankara,mamak,general_zeki_dogan,3,1,110,20,4,18000
adana-cukurova-yurt-kiralik,adana,cukurova,yurt,3,1,180,20,14,20500
ankara-kecioren-asagi-eglence-kiralik,ankara,kecioren,asagi_eglence,3,1,120,25,5,20000
eskisehir-tepebasi-zafer-kiralik,eskisehir,tepebasi,zafer,1,0,60,3,1,11000
ankara-golbasi-kizilcasar-kiralik,ankara,golbasi,kizilcasar,1,0,50,0,1,31750
balikesir-bandirma-600-evler-kiralik,balikesir,bandirma,600_evler,1,1,58,0,3,28500
istanbul-tuzla-istasyon-kiralik,istanbul,tuzla,istasyon,2,1,110,28,2,27500
tokat-merkez-esentepe-kiralik,tokat,merkez,esentepe,1,1,36,0,3,17000
istanbul-beyoglu-sutluce-kiralik,istanbul,beyoglu,sutluce,2,1,89,19,1,32000
ankara-kecioren-etlik-kiralik,ankara,kecioren,etlik,3,1,135,29,1,23000
ankara-etimesgut-guzelkent-kiralik,ankara,etimesgut,guzelkent,3,1,110,25,4,25000
istanbul-maltepe-zumrutevler-kiralik,istanbul,maltepe,zumrutevler,3,1,115,11,4,39500
adana-seyhan-resatbey-kiralik,adana,seyhan,resatbey,3,1,150,39,5,25000
istanbul-besiktas-dikilitas-kiralik,istanbul,besiktas,dikilitas,2,1,90,35,5,35000
balikesir-altieylul-bahcelievler-kiralik,balikesir,altieylul,bahcelievler,3,1,130,8,0,18000
istanbul-buyukcekmece-ataturk-kiralik,istanbul,buyukcekmece,ataturk,2,2,200,25,1,32000
izmir-buca-kurucesme-kiralik,izmir,buca,kurucesme,1,1,65,3,2,16000
istanbul-sariyer-istinye-kiralik,istanbul,sariyer,istinye,3,1,150,20,3,38000
ankara-cankaya-kavaklidere-kiralik,ankara,cankaya,kavaklidere,3,1,110,30,4,28500
adana-cukurova-karslilar-kiralik,adana,cukurova,karslilar,2,1,110,7,0,20000
ankara-kecioren-etlik-kiralik,ankara,kecioren,etlik,3,1,125,25,3,35000
sakarya-adapazari-karaman-kiralik,sakarya,adapazari,karaman,3,1,110,25,3,17000
ankara-kecioren-incirli-kiralik,ankara,kecioren,incirli,3,1,135,29,2,25000
ankara-cankaya-cigdem-kiralik,ankara,cankaya,cigdem,4,1,210,23,10,53000
istanbul-kartal-esentepe-kiralik,istanbul,kartal,esentepe,1,1,60,0,1,26500
bursa-yildirim-baruthane-kiralik,bursa,yildirim,baruthane,2,1,90,31,3,15000
ankara-cankaya-yukari-dikmen-kiralik,ankara,cankaya,yukari_dikmen,4,1,200,29,7,62500
antalya-kepez-safak-kiralik,antalya,kepez,safak,3,1,140,15,2,28000
ankara-cankaya-ilkadim-kiralik,ankara,cankaya,ilkadim,3,1,110,30,-1,18000
istanbul-esenyurt-mevlana-kiralik,istanbul,esenyurt,mevlana,3,1,135,20,4,28000
tekirdag-corlu-kemalettin-kiralik,tekirdag,corlu,kemalettin,2,1,85,6,4,17000
istanbul-sariyer-istinye-kiralik,istanbul,sariyer,istinye,1,1,85,50,1,45000
ankara-cankaya-maltepe-kiralik,ankara,cankaya,maltepe,3,1,125,30,4,27000
